what,kind,bundleId,bundleVersion,description,time
executed,command,org.eclipse.ui,3.7.0.v20110928-1505,"org.eclipse.ui.edit.paste",1356476517864
activated,workbench,org.eclipse.ui.workbench,3.7.1.v20120104-1859,"",1356476531035
executed,command,org.eclipse.ui,3.7.0.v20110928-1505,"org.eclipse.ui.file.properties",1356476531087
activated,editor,org.python.pydev,2.4.0.2012020116,"org.python.pydev.editor.PythonEditor",1356476532063
activated,view,org.eclipse.ui.console,3.5.100.v20111007_r372,"org.eclipse.ui.console.ConsoleView",1356476535431
activated,editor,org.python.pydev,2.4.0.2012020116,"org.python.pydev.editor.PythonEditor",1356476536740
activated,view,org.eclipse.ui.navigator.resources,3.4.300.v20110928-1505,"org.eclipse.ui.navigator.ProjectExplorer",1356476547345
deactivated,workbench,org.eclipse.ui.workbench,3.7.1.v20120104-1859,"",1356476562822
activated,workbench,org.eclipse.ui.workbench,3.7.1.v20120104-1859,"",1356476577567
activated,editor,org.python.pydev,2.4.0.2012020116,"org.python.pydev.editor.PythonEditor",1356476581969
activated,view,org.eclipse.ui.navigator.resources,3.4.300.v20110928-1505,"org.eclipse.ui.navigator.ProjectExplorer",1356476584174
deactivated,workbench,org.eclipse.ui.workbench,3.7.1.v20120104-1859,"",1356476625218
activated,workbench,org.eclipse.ui.workbench,3.7.1.v20120104-1859,"",1356476722428
executed,command,org.eclipse.ui,3.7.0.v20110928-1505,"org.eclipse.ui.file.properties",1356476722501
activated,editor,org.python.pydev,2.4.0.2012020116,"org.python.pydev.editor.PythonEditor",1356476725267
deactivated,workbench,org.eclipse.ui.workbench,3.7.1.v20120104-1859,"",1356476735160
activated,workbench,org.eclipse.ui.workbench,3.7.1.v20120104-1859,"",1356476756560
deactivated,workbench,org.eclipse.ui.workbench,3.7.1.v20120104-1859,"",1356476759035
activated,workbench,org.eclipse.ui.workbench,3.7.1.v20120104-1859,"",1356496212239
deactivated,workbench,org.eclipse.ui.workbench,3.7.1.v20120104-1859,"",1356496221118
activated,workbench,org.eclipse.ui.workbench,3.7.1.v20120104-1859,"",1356497932908
deactivated,workbench,org.eclipse.ui.workbench,3.7.1.v20120104-1859,"",1356497933951
activated,workbench,org.eclipse.ui.workbench,3.7.1.v20120104-1859,"",1356497939888
deactivated,workbench,org.eclipse.ui.workbench,3.7.1.v20120104-1859,"",1356497944717
activated,workbench,org.eclipse.ui.workbench,3.7.1.v20120104-1859,"",1356497973848
deactivated,workbench,org.eclipse.ui.workbench,3.7.1.v20120104-1859,"",1356497975606
activated,workbench,org.eclipse.ui.workbench,3.7.1.v20120104-1859,"",1356498009120
deactivated,workbench,org.eclipse.ui.workbench,3.7.1.v20120104-1859,"",1356498010639
activated,workbench,org.eclipse.ui.workbench,3.7.1.v20120104-1859,"",1356498014121
deactivated,workbench,org.eclipse.ui.workbench,3.7.1.v20120104-1859,"",1356498015708
activated,workbench,org.eclipse.ui.workbench,3.7.1.v20120104-1859,"",1356498016977
activated,view,org.eclipse.ui.navigator.resources,3.4.300.v20110928-1505,"org.eclipse.ui.navigator.ProjectExplorer",1356498017456
deactivated,workbench,org.eclipse.ui.workbench,3.7.1.v20120104-1859,"",1356498018580
activated,workbench,org.eclipse.ui.workbench,3.7.1.v20120104-1859,"",1356498020071
closed,workbench,org.eclipse.ui.workbench,3.7.1.v20120104-1859,"",1356498020810
stopped,bundle,org.eclipse.jst.ws.axis.creation.ui,1.0.700.v201104070312,"org.eclipse.jst.ws.axis.creation.ui",1356498023590
stopped,bundle,org.eclipse.jst.ws.axis.consumption.ui,1.0.505.v201004211805,"org.eclipse.jst.ws.axis.consumption.ui",1356498023590
stopped,bundle,org.eclipse.jst.ws.axis.consumption.core,1.0.407.v201104071820,"org.eclipse.jst.ws.axis.consumption.core",1356498023590
stopped,bundle,org.eclipse.jst.ws.axis2.creation.ui,1.0.104.v201004211805,"org.eclipse.jst.ws.axis2.creation.ui",1356498023590
stopped,bundle,org.eclipse.jst.ws.axis2.consumption.ui,1.0.103.v201004211805,"org.eclipse.jst.ws.axis2.consumption.ui",1356498023590
stopped,bundle,org.eclipse.jst.ws.axis2.creation.core,1.0.106.v201004211805,"org.eclipse.jst.ws.axis2.creation.core",1356498023590
stopped,bundle,org.eclipse.jst.ws.axis2.consumption.core,1.0.105.v201004211805,"org.eclipse.jst.ws.axis2.consumption.core",1356498023590
stopped,bundle,org.eclipse.jst.ws.cxf.creation.ui,1.0.100.v201104022153,"org.eclipse.jst.ws.cxf.creation.ui",1356498023590
stopped,bundle,org.eclipse.jst.ws.creation.ui,1.0.609.v201103082016,"org.eclipse.jst.ws.creation.ui",1356498023590
stopped,bundle,org.eclipse.jst.ws.cxf.consumption.ui,1.0.0.v201003222311,"org.eclipse.jst.ws.cxf.consumption.ui",1356498023590
stopped,bundle,org.eclipse.jst.ws.cxf.consumption.core,1.0.0.v201003222311,"org.eclipse.jst.ws.cxf.consumption.core",1356498023590
stopped,bundle,org.eclipse.jst.ws.cxf.creation.core,1.0.100.v201104022153,"org.eclipse.jst.ws.cxf.creation.core",1356498023591
stopped,bundle,org.eclipse.jst.ws.axis2.ui,1.0.303.v201003110431,"org.eclipse.jst.ws.axis2.ui",1356498023591
stopped,bundle,org.eclipse.jst.ws.uddiregistry,1.0.500.v201004211805,"org.eclipse.jst.ws.uddiregistry",1356498023591
stopped,bundle,org.eclipse.jst.ws.consumption.ui,1.1.402.v201201250306,"org.eclipse.jst.ws.consumption.ui",1356498023591
stopped,bundle,org.eclipse.jst.ws.ui,1.0.403.v201004211805,"org.eclipse.jst.ws.ui",1356498023591
stopped,bundle,org.eclipse.wst.ws.explorer,1.0.607.v201103082002,"org.eclipse.wst.ws.explorer",1356498023591
stopped,bundle,org.eclipse.wst.wsdl.ui,1.2.403.v201108240515,"org.eclipse.wst.wsdl.ui",1356498023591
stopped,bundle,org.eclipse.wst.ws.ui,1.1.200.v201004211805,"org.eclipse.wst.ws.ui",1356498023591
stopped,bundle,org.eclipse.wst.wsi.ui,1.0.502.v201104071820,"org.eclipse.wst.wsi.ui",1356498023604
stopped,bundle,org.eclipse.wst.wsi,1.0.401.v201104071820,"org.eclipse.wst.wsi",1356498023604
stopped,bundle,org.eclipse.jst.ws.axis2.core,1.0.204.v201004211805,"org.eclipse.jst.ws.axis2.core",1356498023604
stopped,bundle,org.eclipse.jst.ws.cxf.ui,1.0.0.v201004171919,"org.eclipse.jst.ws.cxf.ui",1356498023604
stopped,bundle,org.eclipse.jst.ws.cxf.core,1.0.100.v201104022153,"org.eclipse.jst.ws.cxf.core",1356498023604
stopped,bundle,org.eclipse.jst.ws.consumption,1.0.603.v201202012024,"org.eclipse.jst.ws.consumption",1356498023604
stopped,bundle,org.eclipse.jst.ws,1.0.509.v201108250610,"org.eclipse.jst.ws",1356498023604
stopped,bundle,org.eclipse.wst.ws,1.1.203.v201004211805,"org.eclipse.wst.ws",1356498023604
stopped,bundle,org.eclipse.jst.j2ee.webservice.ui,1.1.500.v201105122000,"org.eclipse.jst.j2ee.webservice.ui",1356498023604
stopped,bundle,org.eclipse.jst.j2ee.webservice,1.1.400.v201004110600,"org.eclipse.jst.j2ee.webservice",1356498023604
stopped,bundle,org.eclipse.wst.ws.parser,1.0.403.v201004211805,"org.eclipse.wst.ws.parser",1356498023604
stopped,bundle,org.eclipse.birt.report.debug.ui,3.7.2.v20120213,"org.eclipse.birt.report.debug.ui",1356498023604
stopped,bundle,org.eclipse.birt.report.designer.ui.preview.web,3.7.2.v20120213,"org.eclipse.birt.report.designer.ui.preview.web",1356498023604
stopped,bundle,org.eclipse.birt.report.viewer,3.7.2.v20120213,"org.eclipse.birt.report.viewer",1356498023604
stopped,bundle,org.eclipse.datatools.enablement.sybase.asa.schemaobjecteditor.examples,2.5.0.200810071,"org.eclipse.datatools.enablement.sybase.asa.schemaobjecteditor.examples",1356498023604
stopped,bundle,org.eclipse.datatools.sqltools.schemaobjecteditor.ui.pages,1.1.0.200810071,"org.eclipse.datatools.sqltools.schemaobjecteditor.ui.pages",1356498023604
stopped,bundle,org.eclipse.datatools.sqltools.schemaobjecteditor.ui,1.1.1.200810071,"org.eclipse.datatools.sqltools.schemaobjecteditor.ui",1356498023604
stopped,bundle,org.eclipse.jst.jsf.apache.trinidad.tagsupport,1.1.200.v201104061711,"org.eclipse.jst.jsf.apache.trinidad.tagsupport",1356498023604
stopped,bundle,org.eclipse.jst.jsf.facesconfig.ui,1.2.2.v201103292152,"org.eclipse.jst.jsf.facesconfig.ui",1356498023604
stopped,bundle,org.eclipse.jst.jsf.facelet.ui,1.0.1.v201104032306,"org.eclipse.jst.jsf.facelet.ui",1356498023604
stopped,bundle,org.eclipse.jst.jsf.ui,1.3.2.v201104251204,"org.eclipse.jst.jsf.ui",1356498023604
stopped,bundle,org.eclipse.jst.pagedesigner.jsf.ui,1.2.100.v201104061711,"org.eclipse.jst.pagedesigner.jsf.ui",1356498023604
stopped,bundle,org.eclipse.jst.pagedesigner,1.3.104.v201201181342,"org.eclipse.jst.pagedesigner",1356498023604
stopped,bundle,org.eclipse.jst.jsf.common.ui,1.2.100.v201104061711,"org.eclipse.jst.jsf.common.ui",1356498023604
stopped,bundle,org.eclipse.pde.ua.ui,1.0.100.v20110516,"org.eclipse.pde.ua.ui",1356498023605
stopped,bundle,org.eclipse.birt.report.designer.ui.editor.script,3.7.2.v20120213,"org.eclipse.birt.report.designer.ui.editor.script",1356498023605
stopped,bundle,org.eclipse.birt.report.designer.ui.editor.xml.wtp,3.7.2.v20120213,"org.eclipse.birt.report.designer.ui.editor.xml.wtp",1356498023605
stopped,bundle,org.eclipse.birt.chart.reportitem.ui,3.7.2.v20120213,"org.eclipse.birt.chart.reportitem.ui",1356498023605
stopped,bundle,org.eclipse.birt.report.item.crosstab.ui,3.7.2.v20120213,"org.eclipse.birt.report.item.crosstab.ui",1356498023605
stopped,bundle,org.eclipse.birt.report.designer.ui.ide,3.7.2.v20120213,"org.eclipse.birt.report.designer.ui.ide",1356498023605
stopped,bundle,org.eclipse.birt.report.designer.ui.lib.explorer,3.7.2.v20120213,"org.eclipse.birt.report.designer.ui.lib.explorer",1356498023605
stopped,bundle,org.eclipse.birt.report.designer.ui.lib,3.7.2.v20120213,"org.eclipse.birt.report.designer.ui.lib",1356498023605
stopped,bundle,org.eclipse.birt.report.designer.ui.editors.schematic,3.7.2.v20120213,"org.eclipse.birt.report.designer.ui.editors.schematic",1356498023605
stopped,bundle,org.eclipse.jst.j2ee.xdoclet.runtime,1.1.300.v201004280700,"org.eclipse.jst.j2ee.xdoclet.runtime",1356498023605
stopped,bundle,org.eclipse.jst.j2ee.ejb.annotations.xdoclet,1.2.200.v201103302125,"org.eclipse.jst.j2ee.ejb.annotations.xdoclet",1356498023605
stopped,bundle,org.eclipse.datatools.connectivity.oda.template.ui,3.2.3.v201201121156,"org.eclipse.datatools.connectivity.oda.template.ui",1356498023606
stopped,bundle,org.eclipse.pde.api.tools.ui,1.0.301.v20110803_r371,"org.eclipse.pde.api.tools.ui",1356498023607
stopped,bundle,org.eclipse.pde.ds.ui,1.0.100.v20111213-1754,"org.eclipse.pde.ds.ui",1356498023607
stopped,bundle,org.eclipse.pde.runtime,3.4.201.v20110928-1516,"org.eclipse.pde.runtime",1356498023607
stopped,bundle,org.eclipse.pde.ui.templates,3.4.400.v20110928-1516,"org.eclipse.pde.ui.templates",1356498023607
stopped,bundle,org.eclipse.pde.ui,3.6.100.v20120103_r372,"org.eclipse.pde.ui",1356498023607
stopped,bundle,org.eclipse.ui.cheatsheets,3.4.100.v20110425,"org.eclipse.ui.cheatsheets",1356498023608
stopped,bundle,org.eclipse.epp.usagedata.ui,1.3.1.R201106061540,"org.eclipse.epp.usagedata.ui",1356498023608
stopped,bundle,org.eclipse.epp.mpc.ui,1.1.1.I20110907-0947,"org.eclipse.epp.mpc.ui",1356498023608
stopped,bundle,org.eclipse.ui.intro.universal,3.2.500.v20110510,"org.eclipse.ui.intro.universal",1356498023609
stopped,bundle,org.eclipse.wtp.epp.package.jee.intro,1.3.0.v201006142040,"org.eclipse.wtp.epp.package.jee.intro",1356498023609
stopped,bundle,org.eclipse.ui.intro,3.4.100.v20110425,"org.eclipse.ui.intro",1356498023609
stopped,bundle,org.epic.debug,0.5.30,"org.epic.debug",1356498023609
stopped,bundle,org.eclipse.datatools.enablement.ingres.ui,1.0.0.v201105270214,"org.eclipse.datatools.enablement.ingres.ui",1356498023610
stopped,bundle,org.eclipse.jpt.jpa.eclipselink.ui,2.0.1.v201108080010,"org.eclipse.jpt.jpa.eclipselink.ui",1356498023610
stopped,bundle,org.eclipse.jpt.jpa.ui,3.0.2.v201201243020,"org.eclipse.jpt.jpa.ui",1356498023610
stopped,bundle,org.eclipse.datatools.enablement.hsqldb.ui,1.0.0.v201108120600,"org.eclipse.datatools.enablement.hsqldb.ui",1356498023610
stopped,bundle,org.eclipse.datatools.enablement.postgresql.ui,1.0.0.v201107221506,"org.eclipse.datatools.enablement.postgresql.ui",1356498023611
stopped,bundle,org.eclipse.datatools.enablement.sqlite.ui,1.0.0.v201107221507,"org.eclipse.datatools.enablement.sqlite.ui",1356498023611
stopped,bundle,org.eclipse.datatools.connectivity.db.generic.ui,1.0.1.v201107221459,"org.eclipse.datatools.connectivity.db.generic.ui",1356498023611
stopped,bundle,org.eclipse.datatools.enablement.sybase.ase.ui,1.0.1.v200906020900,"org.eclipse.datatools.enablement.sybase.ase.ui",1356498023611
stopped,bundle,org.eclipse.datatools.sqltools.data.ui,1.2.1.v201010270945,"org.eclipse.datatools.sqltools.data.ui",1356498023611
stopped,bundle,org.eclipse.datatools.sqltools.db.derby.ui,1.0.0.v200906020900,"org.eclipse.datatools.sqltools.db.derby.ui",1356498023615
stopped,bundle,org.eclipse.datatools.sqltools.db.generic.ui,1.0.0.v200906020900,"org.eclipse.datatools.sqltools.db.generic.ui",1356498023615
stopped,bundle,org.eclipse.datatools.sqltools.debugger.core.ui,1.0.0.v201003161000,"org.eclipse.datatools.sqltools.debugger.core.ui",1356498023615
stopped,bundle,org.eclipse.datatools.sqltools.routineeditor.ui,1.0.2.v201111230714,"org.eclipse.datatools.sqltools.routineeditor.ui",1356498023616
stopped,bundle,org.eclipse.birt.report.data.oda.jdbc.dbprofile.ui,3.7.2.v20120213,"org.eclipse.birt.report.data.oda.jdbc.dbprofile.ui",1356498023616
stopped,bundle,org.eclipse.datatools.sqltools.sqlbuilder,1.0.3.v201107221520,"org.eclipse.datatools.sqltools.sqlbuilder",1356498023616
stopped,bundle,org.eclipse.datatools.enablement.sybase.asa.ui,1.0.1.v200906111204,"org.eclipse.datatools.enablement.sybase.asa.ui",1356498023617
stopped,bundle,org.eclipse.datatools.sqltools.ddlgen.ui,1.0.2.v201201131129,"org.eclipse.datatools.sqltools.ddlgen.ui",1356498023617
stopped,bundle,org.eclipse.datatools.sqltools.debugger.core,1.0.1.v201107221520,"org.eclipse.datatools.sqltools.debugger.core",1356498023617
stopped,bundle,org.eclipse.datatools.sqltools.sqlscrapbook,1.0.1.v201107221520,"org.eclipse.datatools.sqltools.sqlscrapbook",1356498023617
stopped,bundle,org.eclipse.datatools.sqltools.sqleditor,1.0.2.v201107221520,"org.eclipse.datatools.sqltools.sqleditor",1356498023617
stopped,bundle,org.eclipse.datatools.sqltools.editor.core.ui,1.0.0.v201001150815,"org.eclipse.datatools.sqltools.editor.core.ui",1356498023618
stopped,bundle,org.eclipse.datatools.sqltools.tabledataeditor,1.0.1.v201005250945,"org.eclipse.datatools.sqltools.tabledataeditor",1356498023618
stopped,bundle,org.eclipse.birt.report.data.oda.jdbc.dbprofile.sampledb.ui,3.7.2.v20120213,"org.eclipse.birt.report.data.oda.jdbc.dbprofile.sampledb.ui",1356498023618
stopped,bundle,org.eclipse.datatools.connectivity.apache.derby.ui,1.0.3.v201107221459,"org.eclipse.datatools.connectivity.apache.derby.ui",1356498023618
stopped,bundle,org.eclipse.datatools.enablement.sybase.ui,1.0.0.v200906090452,"org.eclipse.datatools.enablement.sybase.ui",1356498023618
stopped,bundle,org.eclipse.datatools.connectivity.sqm.server.ui,1.1.100.v201107221459,"org.eclipse.datatools.connectivity.sqm.server.ui",1356498023619
stopped,bundle,org.eclipse.datatools.connectivity.sqm.core.ui,1.2.1.v20110926045,"org.eclipse.datatools.connectivity.sqm.core.ui",1356498023619
stopped,bundle,org.eclipse.jst.j2ee.ejb.annotations.ui,1.1.200.v201004290730,"org.eclipse.jst.j2ee.ejb.annotations.ui",1356498023619
stopped,bundle,org.eclipse.datatools.connectivity.ui.dse,1.1.4.v201107221459,"org.eclipse.datatools.connectivity.ui.dse",1356498023619
stopped,bundle,org.eclipse.help.ui,3.5.101.r37_20110819,"org.eclipse.help.ui",1356498023619
stopped,bundle,org.eclipse.help.webapp,3.6.1.r37_20110929,"org.eclipse.help.webapp",1356498023620
stopped,bundle,org.eclipse.help.base,3.6.2.v201202080800,"org.eclipse.help.base",1356498023620
stopped,bundle,org.eclipse.equinox.http.jetty,2.0.100.v20110502,"org.eclipse.equinox.http.jetty",1356498023620
stopped,bundle,org.eclipse.wst.server.preview,1.1.100.v20091208,"org.eclipse.wst.server.preview",1356498023620
stopped,bundle,com.google.appengine.eclipse.datatools,2.5.2.v201202290255-rel-r37,"com.google.appengine.eclipse.datatools",1356498023620
stopped,bundle,com.google.appengine.eclipse.sdkbundle,1.6.3.v201202290255r37,"com.google.appengine.eclipse.sdkbundle",1356498023620
stopped,bundle,com.google.gdt.eclipse.appengine.rpc,2.5.2.v201202290255-rel-r37,"com.google.gdt.eclipse.appengine.rpc",1356498023621
stopped,bundle,com.google.gdt.eclipse.gph.e36,2.5.2.v201202290255-rel-r37,"com.google.gdt.eclipse.gph.e36",1356498023621
stopped,bundle,com.google.gdt.eclipse.gph.hge,2.5.2.v201202290255-rel-r37,"com.google.gdt.eclipse.gph.hge",1356498023621
stopped,bundle,com.google.gdt.eclipse.gph.subclipse,2.5.2.v201202290255-rel-r37,"com.google.gdt.eclipse.gph.subclipse",1356498023621
stopped,bundle,com.google.gdt.eclipse.gph.subversive,2.5.2.v201202290255-rel-r37,"com.google.gdt.eclipse.gph.subversive",1356498023621
stopped,bundle,com.google.gdt.eclipse.suite.ext,2.5.2.v201202290255-rel-r37,"com.google.gdt.eclipse.suite.ext",1356498023622
stopped,bundle,com.google.gdt.eclipse.gph,2.5.2.v201202290255-rel-r37,"com.google.gdt.eclipse.gph",1356498023622
stopped,bundle,com.google.gdt.eclipse.maven.e37,2.5.2.v201202290255-rel-r37,"com.google.gdt.eclipse.maven.e37",1356498023622
stopped,bundle,com.google.gdt.eclipse.maven,2.5.2.v201202290255-rel-r37,"com.google.gdt.eclipse.maven",1356498023622
stopped,bundle,com.google.gdt.eclipse.suite,2.5.2.v201202290255-rel-r37,"com.google.gdt.eclipse.suite",1356498023623
stopped,bundle,com.google.gdt.eclipse.appsmarketplace,2.5.2.v201202290255-rel-r37,"com.google.gdt.eclipse.appsmarketplace",1356498023624
stopped,bundle,com.google.appengine.eclipse.core,2.5.2.v201202290255-rel-r37,"com.google.appengine.eclipse.core",1356498023624
stopped,bundle,com.google.gdt.eclipse.login,2.5.2.v201202290255-rel-r37,"com.google.gdt.eclipse.login",1356498023624
stopped,bundle,com.google.gdt.eclipse.managedapis,2.5.2.v201202290255-rel-r37,"com.google.gdt.eclipse.managedapis",1356498023684
stopped,bundle,com.google.gwt.eclipse.oophm,2.5.2.v201202290255-rel-r37,"com.google.gwt.eclipse.oophm",1356498023684
stopped,bundle,com.google.gwt.eclipse.sdkbundle,2.4.0.v201202290255-rel-r37,"com.google.gwt.eclipse.sdkbundle",1356498023684
stopped,bundle,com.google.gwt.eclipse.core,2.5.2.v201202290255-rel-r37,"com.google.gwt.eclipse.core",1356498023798
stopped,bundle,com.google.gdt.eclipse.core,2.5.2.v201202290255-rel-r37,"com.google.gdt.eclipse.core",1356498023799
stopped,bundle,com.google.gdt.eclipse.platform,2.5.2.v201202290255-rel-r37,"com.google.gdt.eclipse.platform",1356498023799
stopped,bundle,com.google.gdt.eclipse.platform.e37,2.5.2.v201202290255-rel-r37,"com.google.gdt.eclipse.platform.e37",1356498023799
stopped,bundle,org.eclipse.m2e.jdt,1.0.200.20111228-1245,"org.eclipse.m2e.jdt",1356498023799
stopped,bundle,org.eclipse.m2e.core.ui,1.0.200.20111228-1245,"org.eclipse.m2e.core.ui",1356498023799
stopped,bundle,org.eclipse.m2e.core,1.0.200.20111228-1245,"org.eclipse.m2e.core",1356498023799
stopped,bundle,org.eclipse.jpt.dbws.eclipselink.ui,1.0.0.v201104110000,"org.eclipse.jpt.dbws.eclipselink.ui",1356498023799
stopped,bundle,org.eclipse.jst.ws.jaxws.ui,1.0.100.v201104032053,"org.eclipse.jst.ws.jaxws.ui",1356498023800
stopped,bundle,org.eclipse.jst.ws.jaxws.core,1.0.100.v201104031139,"org.eclipse.jst.ws.jaxws.core",1356498023800
stopped,bundle,org.eclipse.mylyn.bugzilla.ui,3.6.0.v20110608-1400,"org.eclipse.mylyn.bugzilla.ui",1356498023800
stopped,bundle,org.eclipse.mylyn.bugzilla.core,3.6.5.v20120123-0100,"org.eclipse.mylyn.bugzilla.core",1356498023800
stopped,bundle,org.eclipse.mylyn.commons.xmlrpc,3.6.0.v20110608-1400,"org.eclipse.mylyn.commons.xmlrpc",1356498023800
stopped,bundle,org.eclipse.wst.wsdl.validation,1.1.502.v201104071820,"org.eclipse.wst.wsdl.validation",1356498023824
stopped,bundle,org.eclipse.wst.wsdl,1.2.202.v201108230355,"org.eclipse.wst.wsdl",1356498023824
stopped,bundle,org.eclipse.datatools.enablement.oda.ws.ui,1.2.3.v201112061438,"org.eclipse.datatools.enablement.oda.ws.ui",1356498023824
stopped,bundle,org.eclipse.datatools.enablement.oda.ws,1.2.3.v201112061438,"org.eclipse.datatools.enablement.oda.ws",1356498023824
stopped,bundle,org.eclipse.wst.xsl.exslt.ui,1.0.0.v201006012005,"org.eclipse.wst.xsl.exslt.ui",1356498023824
stopped,bundle,org.eclipse.wst.xsl.jaxp.debug.ui,1.0.200.v201103081922,"org.eclipse.wst.xsl.jaxp.debug.ui",1356498023824
stopped,bundle,org.eclipse.wst.xsl.ui,1.1.200.v201103082057,"org.eclipse.wst.xsl.ui",1356498023824
stopped,bundle,org.eclipse.wst.xml.xpath.ui,1.1.100.v201105030025,"org.eclipse.wst.xml.xpath.ui",1356498023824
stopped,bundle,org.eclipse.wst.xsl.debug.ui,1.0.200.v201101281837,"org.eclipse.wst.xsl.debug.ui",1356498023826
stopped,bundle,org.eclipse.wst.xsl.jaxp.launching,1.0.200.v201103081922,"org.eclipse.wst.xsl.jaxp.launching",1356498023826
stopped,bundle,org.eclipse.wst.xsl.launching,1.0.200.v201103081922,"org.eclipse.wst.xsl.launching",1356498023830
stopped,bundle,org.eclipse.wst.xsl.core,1.1.100.v201102270516,"org.eclipse.wst.xsl.core",1356498023830
stopped,bundle,org.eclipse.wst.xml.xpath.core,1.2.1.v201109010357,"org.eclipse.wst.xml.xpath.core",1356498023830
stopped,bundle,org.eclipse.wst.xml.xpath2.wtptypes,2.0.0.v201103212215,"org.eclipse.wst.xml.xpath2.wtptypes",1356498023830
stopped,bundle,org.eclipse.mylyn.ide.ant,3.6.0.v20110608-1400,"org.eclipse.mylyn.ide.ant",1356498023830
stopped,bundle,org.eclipse.mylyn.java.ui,3.6.0.v20110608-1400,"org.eclipse.mylyn.java.ui",1356498023830
stopped,bundle,org.eclipse.mylyn.ide.ui,3.6.0.v20110608-1400,"org.eclipse.mylyn.ide.ui",1356498023830
stopped,bundle,org.eclipse.mylyn.java.tasks,3.6.0.v20110608-1400,"org.eclipse.mylyn.java.tasks",1356498023830
stopped,bundle,org.eclipse.mylyn.wikitext.tasks.ui,1.5.0.v20110608-1400,"org.eclipse.mylyn.wikitext.tasks.ui",1356498023830
stopped,bundle,org.eclipse.mylyn.team.ui,3.6.1.v20110825-0100,"org.eclipse.mylyn.team.ui",1356498023836
stopped,bundle,org.eclipse.mylyn.resources.ui,3.6.0.v20110608-1400,"org.eclipse.mylyn.resources.ui",1356498023837
stopped,bundle,org.eclipse.mylyn.context.ui,3.6.1.v20120112-0100,"org.eclipse.mylyn.context.ui",1356498023837
stopped,bundle,org.eclipse.mylyn.help.ui,3.6.1.v20110830-0100,"org.eclipse.mylyn.help.ui",1356498023837
stopped,bundle,org.eclipse.mylyn.tasks.bugs,3.6.1.v20110825-0100,"org.eclipse.mylyn.tasks.bugs",1356498023837
stopped,bundle,org.eclipse.mylyn.tasks.ui,3.6.5.v20120215-0100,"org.eclipse.mylyn.tasks.ui",1356498023838
stopped,bundle,org.eclipse.birt.chart.examples,3.7.2.v20120213,"org.eclipse.birt.chart.examples",1356498023838
stopped,bundle,org.eclipse.birt.chart.device.pdf,3.7.2.v20120213,"org.eclipse.birt.chart.device.pdf",1356498023838
stopped,bundle,org.eclipse.birt.report.designer.ui.cubebuilder,3.7.2.v20120213,"org.eclipse.birt.report.designer.ui.cubebuilder",1356498023838
stopped,bundle,org.eclipse.birt.report.designer.ui.data,3.7.2.v20120213,"org.eclipse.birt.report.designer.ui.data",1356498023838
stopped,bundle,org.eclipse.birt.report.designer.ui.samples.ide,3.7.2.v20120213,"org.eclipse.birt.report.designer.ui.samples.ide",1356498023838
stopped,bundle,org.eclipse.birt.report.designer.ui.editors,3.7.2.v20120213,"org.eclipse.birt.report.designer.ui.editors",1356498023838
stopped,bundle,org.eclipse.birt.report.designer.ui.samplesview,3.7.2.v20120213,"org.eclipse.birt.report.designer.ui.samplesview",1356498023838
stopped,bundle,org.eclipse.birt.report.designer.ui.views,3.7.2.v20120213,"org.eclipse.birt.report.designer.ui.views",1356498023838
stopped,bundle,org.eclipse.birt.report.designer.ui,3.7.2.v20120213,"org.eclipse.birt.report.designer.ui",1356498023838
stopped,bundle,org.eclipse.birt.report.designer.core,3.7.2.v20120213,"org.eclipse.birt.report.designer.core",1356498023838
stopped,bundle,org.eclipse.birt.report.engine.emitter.ods,3.7.2.v20120213,"org.eclipse.birt.report.engine.emitter.ods",1356498023838
stopped,bundle,org.eclipse.birt.report.engine.emitter.prototype.excel,3.7.2.v20120213,"org.eclipse.birt.report.engine.emitter.prototype.excel",1356498023838
stopped,bundle,org.eclipse.birt.chart.reportitem,3.7.2.v20120213,"org.eclipse.birt.chart.reportitem",1356498023838
stopped,bundle,org.eclipse.birt.report.engine.dataextraction.csv,3.7.2.v20120213,"org.eclipse.birt.report.engine.dataextraction.csv",1356498023838
stopped,bundle,org.eclipse.birt.report.engine.dataextraction,3.7.2.v20120213,"org.eclipse.birt.report.engine.dataextraction",1356498023838
stopped,bundle,org.eclipse.birt.report.engine.emitter.config.excel,3.7.2.v20120213,"org.eclipse.birt.report.engine.emitter.config.excel",1356498023839
stopped,bundle,org.eclipse.birt.report.engine.emitter.config.html,3.7.2.v20120213,"org.eclipse.birt.report.engine.emitter.config.html",1356498023839
stopped,bundle,org.eclipse.birt.report.engine.emitter.config.odp,3.7.2.v20120213,"org.eclipse.birt.report.engine.emitter.config.odp",1356498023839
stopped,bundle,org.eclipse.birt.report.engine.emitter.config.ods,3.7.2.v20120213,"org.eclipse.birt.report.engine.emitter.config.ods",1356498023839
stopped,bundle,org.eclipse.birt.report.engine.emitter.config.odt,3.7.2.v20120213,"org.eclipse.birt.report.engine.emitter.config.odt",1356498023839
stopped,bundle,org.eclipse.birt.report.engine.emitter.config.pdf,3.7.2.v20120213,"org.eclipse.birt.report.engine.emitter.config.pdf",1356498023839
stopped,bundle,org.eclipse.birt.report.engine.emitter.config.postscript,3.7.2.v20120213,"org.eclipse.birt.report.engine.emitter.config.postscript",1356498023839
stopped,bundle,org.eclipse.birt.report.engine.emitter.config.ppt,3.7.2.v20120213,"org.eclipse.birt.report.engine.emitter.config.ppt",1356498023839
stopped,bundle,org.eclipse.birt.report.engine.emitter.config.wpml,3.7.2.v20120213,"org.eclipse.birt.report.engine.emitter.config.wpml",1356498023839
stopped,bundle,org.eclipse.birt.report.engine.emitter.config,3.7.2.v20120213,"org.eclipse.birt.report.engine.emitter.config",1356498023839
stopped,bundle,org.eclipse.birt.report.engine.emitter.html,3.7.2.v20120213,"org.eclipse.birt.report.engine.emitter.html",1356498023839
stopped,bundle,org.eclipse.birt.report.engine.emitter.odp,3.7.2.v20120213,"org.eclipse.birt.report.engine.emitter.odp",1356498023839
stopped,bundle,org.eclipse.birt.report.engine.emitter.odt,3.7.2.v20120213,"org.eclipse.birt.report.engine.emitter.odt",1356498023839
stopped,bundle,org.eclipse.birt.report.engine.emitter.pdf,3.7.2.v20120213,"org.eclipse.birt.report.engine.emitter.pdf",1356498023839
stopped,bundle,org.eclipse.birt.report.engine.emitter.ppt,3.7.2.v20120213,"org.eclipse.birt.report.engine.emitter.ppt",1356498023839
stopped,bundle,org.eclipse.birt.report.engine.emitter.wpml,3.7.2.v20120213,"org.eclipse.birt.report.engine.emitter.wpml",1356498023839
stopped,bundle,org.eclipse.birt.report.engine.odf,3.7.2.v20120213,"org.eclipse.birt.report.engine.odf",1356498023839
stopped,bundle,org.eclipse.birt.report.engine.script.javascript,3.7.2.v20120213,"org.eclipse.birt.report.engine.script.javascript",1356498023839
